Workbook
Name xxx: #REF!
Name マイナンバー社員住所なし: #REF!
Name 月: #REF!
Name 月1: #REF!
Name 性別: #REF!
Name 店名: #REF!
Name 日: #REF!
Name 日1: #REF!
Name 年: #REF!
Name 年1: #REF!
Name 年号: #REF!

Sheet 契約書 複数担当(鈴木)
K1: パートタイム労働契約書 | AM1: 第5条 | AN1: 賃金の締切は、毎月10日とし、同月20日に乙の指定する銀行口座
AN2: に振込む。（支払日が銀行休日に当たる場合はその前日） | BZ2: 46054 | CI2: しみず
B4: ＴＹビルテック株式会社を甲、 | P4: =IFERROR(VLOOKUP($CI$2,[1]清掃パート勤務形態一覧!$A$2:$BZ$200,4,FALSE),"") -> 清水 恭子 | Y4: を乙として、以下記載の | AM4: 第6条 | AN4: 契約期間は、 | AT4: =BZ2 -> 46054 | BD4: より3か月とし、その後の契約
B5: 労働条件により、パート雇用としての労働契約を締結した。 | AN5: については、自動更新とし、3か月の再契約を締結するものとする。
B7: 第1条 | C7: 乙は、下記の場所において、甲の指示に従い下記の業務を | AM7: 第7条 | AN7: 契約解約は、この契約期間の途中においても、乙が下記の一に該当
C8: 誠実に行う。 | AN8: するときは、甲は、何時でも解約することができる。
C10: 就業場所 | H10: ① | I10: =IFERROR(VLOOKUP($CI$2,[1]清掃パート勤務形態一覧!$A$2:$BZ$200,5,FALSE),"") -> 東戸塚NSビル2 | R10: ② | S10: =IFERROR(VLOOKUP($CI$2,[1]清掃パート勤務形態一覧!$A$2:$BZ$200,6,FALSE),"") -> アルス東戸塚 | AA10: ③ | AB10: =IFERROR(VLOOKUP($CI$2,[1]清掃パート勤務形態一覧!$A$2:$BZ$200,7,FALSE),"") -> 東横フェスタ3 | AN10: ① 精神または身体に障害を生じ、業務に堪えられないとき。
H11: ④ | I11: =IFERROR(VLOOKUP($CI$2,[1]清掃パート勤務形態一覧!$A$2:$BZ$200,8,FALSE),"") -> シュバルツ | R11: ⑤ | S11: =IFERROR(VLOOKUP($CI$2,[1]清掃パート勤務形態一覧!$A$2:$BZ$200,9,FALSE),"") -> ヴェール | AA11: ⑥ | AB11: =IFERROR(VLOOKUP($CI$2,[1]清掃パート勤務形態一覧!$A$2:$BZ$200,10,FALSE),"") -> アロマバワリー | AN11: ② 労働能力が著しく劣り、向上の見込みがないと認めたとき。
H12: ⑦ | I12: =IFERROR(VLOOKUP($CI$2,[1]清掃パート勤務形態一覧!$A$2:$BZ$200,11,FALSE),"") -> 0 | AN12: ③ 故意または重大な過失により会社に損害を及ぼしたとき。
H13: (変更の範囲)会社が指定する場所 | AN13: ④ その他、前項に準ずる理由があるとき。
C14: 業 務 | I14: 清掃業務
H15: (変更の範囲)なし | AM15: 雇用管理の改善等に関する事項に係る相談窓口
AM16: ビルマネジメント部部長 大橋 喜智 045-864-1611
B17: 第2条 | C17: 乙の勤務は次の通りとする。 | W17: 原則 | Y17: 週 | AA17: =IFERROR(VLOOKUP($CI$2,[1]清掃パート勤務形態一覧!$A$2:$BZ$200,12,FALSE),"") -> 6 | AB17: 日
F18: ① | I18: =IFERROR(VLOOKUP($CI$2,[1]清掃パート勤務形態一覧!$A$2:$BZ$200,20,FALSE),"") -> 7:00～9:30 | T18: 週 | V18: =IFERROR(VLOOKUP($CI$2,[1]清掃パート勤務形態一覧!$A$2:$BZ$200,13,FALSE),"") -> 2 | X18: 日 | AM18: 上記契約の成立を証するため、本書2通を作成し、記名捺印のうえ各1通宛保持
F19: ② | I19: =IFERROR(VLOOKUP($CI$2,[1]清掃パート勤務形態一覧!$A$2:$BZ$200,21,FALSE),"") -> 9:30～10:30 | T19: 週 | V19: =IFERROR(VLOOKUP($CI$2,[1]清掃パート勤務形態一覧!$A$2:$BZ$200,14,FALSE),"") -> 1 | X19: 日 | AM19: する。
F20: ③ | I20: =IFERROR(VLOOKUP($CI$2,[1]清掃パート勤務形態一覧!$A$2:$BZ$200,22,FALSE),"") -> 12:00～15:00 | T20: 週 | V20: =IFERROR(VLOOKUP($CI$2,[1]清掃パート勤務形態一覧!$A$2:$BZ$200,15,FALSE),"") -> 3 | X20: 日
F21: ④ | I21: =IFERROR(VLOOKUP($CI$2,[1]清掃パート勤務形態一覧!$A$2:$BZ$200,23,FALSE),"") -> 10:30～12:00 | T21: 週 | V21: =IFERROR(VLOOKUP($CI$2,[1]清掃パート勤務形態一覧!$A$2:$BZ$200,16,FALSE),"") -> 1 | X21: 日 | AM21: =BZ2 -> 46054
F22: ⑤ | I22: =IFERROR(VLOOKUP($CI$2,[1]清掃パート勤務形態一覧!$A$2:$BZ$200,24,FALSE),"") -> 10:30～11:30 | T22: 週 | V22: =IFERROR(VLOOKUP($CI$2,[1]清掃パート勤務形態一覧!$A$2:$BZ$200,17,FALSE),"") -> 3 | X22: 日
F23: ⑥ | I23: =IFERROR(VLOOKUP($CI$2,[1]清掃パート勤務形態一覧!$A$2:$BZ$200,25,FALSE),"") -> 11:30～12:30 | T23: 週 | V23: =IFERROR(VLOOKUP($CI$2,[1]清掃パート勤務形態一覧!$A$2:$BZ$200,18,FALSE),"") -> 1 | X23: 日
F24: ⑦ | I24: =IFERROR(VLOOKUP($CI$2,[1]清掃パート勤務形態一覧!$A$2:$BZ$200,26,FALSE),"") -> 0 | T24: 週 | V24: =IFERROR(VLOOKUP($CI$2,[1]清掃パート勤務形態一覧!$A$2:$BZ$200,19,FALSE),"") -> 0 | X24: 日 | AN24: 甲 ： | AR24: 横浜市戸塚区戸塚町４７９０番地３
AR25: ＴＹビルテック株式会社
D26: ただし、上記時間内で作成される月間スケジュールに従って | AR26: 代表取締役社長 飯 島 大 貴
D27: 勤務することとする。休憩時間（1時間）は勤務時間に含めない。
D28: また、業務の都合により勤務日数および勤務場所を増やすこともある。
AN29: 乙 ： | AR29: =IFERROR(VLOOKUP($CI$2,[1]清掃パート勤務形態一覧!$A$2:$BZ$200,46,FALSE),"") -> 横浜市戸塚区
B30: 第3条 | C30: 乙の賃金は、 | K30: 時間給 | P30: =IFERROR(VLOOKUP($CI$2,[1]清掃パート勤務形態一覧!$A$2:$BZ$200,34,FALSE),"") -> 1225 | V30: とする。 | AR30: =IFERROR(VLOOKUP($CI$2,[1]清掃パート勤務形態一覧!$A$2:$BZ$200,47,FALSE),"") -> 矢部町６００番地２
O31: ⑥ | P31: =IFERROR(VLOOKUP($CI$2,[1]清掃パート勤務形態一覧!$A$2:$BZ$200,35,FALSE),"") -> 1300 | V31: とする。
C32: =IFERROR(VLOOKUP($CI$2,[1]清掃パート勤務形態一覧!$A$2:$BZ$200,54,FALSE),"") -> 0 | P32: =IFERROR(VLOOKUP($CI$2,[1]清掃パート勤務形態一覧!$A$2:$BZ$200,38,FALSE),"") -> 0 | V32: =IFERROR(VLOOKUP($CI$2,[1]清掃パート勤務形態一覧!$A$2:$BZ$200,55,FALSE),"") -> 0 | AR32: =IFERROR(VLOOKUP($CI$2,[1]清掃パート勤務形態一覧!$A$2:$BZ$200,4,FALSE),"") -> 清水 恭子
C33: 通勤交通費は、甲の認める交通手段により支給する。
B35: 第4条 | C35: 賃金より控除するのは、所得税とする。また、雇用保険と社会保険
C36: については常態として法令に定められた基準に達したときは、加入
C37: の手続きをとる。
